{
  "width": 432,
  "height": 438,
  "cx": [
    [ "UTILISATEUR", 61 ],
    [ "LECTURE", 213 ],
    [ "VALEUR", 213 ],
    [ "CAPTURECHAL", 61 ],
    [ "CAPTUREHUMIDITE", 213 ],
    [ "CAPTUREPOIDS", 368 ],
    [ "TEMPERATURE", 61 ],
    [ "HUMIDITE", 213 ],
    [ "POIDS", 368 ]
  ],
  "cy": [
    [ "UTILISATEUR", 77 ],
    [ "LECTURE", 77 ],
    [ "VALEUR", 186 ],
    [ "CAPTURECHAL", 295 ],
    [ "CAPTUREHUMIDITE", 295 ],
    [ "CAPTUREPOIDS", 295 ],
    [ "TEMPERATURE", 387 ],
    [ "HUMIDITE", 387 ],
    [ "POIDS", 387 ]
  ],
  "shift": [
    [ "LECTURE,UTILISATEUR,0", 0 ],
    [ "LECTURE,VALEUR,0", 0 ],
    [ "CAPTURECHAL,VALEUR,0", 0 ],
    [ "CAPTURECHAL,TEMPERATURE,0", 0 ],
    [ "CAPTUREHUMIDITE,VALEUR,0", 0 ],
    [ "CAPTUREHUMIDITE,HUMIDITE,0", 0 ],
    [ "CAPTUREPOIDS,VALEUR,0", 0 ],
    [ "CAPTUREPOIDS,POIDS,0", 0 ]
  ],
  "ratio": []
}
